<?xml version="1.0" encoding="utf-8"?>
<odoo>

    <record id="dt_project" model="ir.module.category">
        <field name="name">Design Team Project</field>
        <field name="sequence">25</field>
    </record>

    <!-- <record id="dt_project_user" model="res.groups">
        <field name="name">DT User</field>
        <field name="implied_ids" eval="[(4, ref('base.group_user'))]"/>
        <field name="category_id" ref="dt_project"/>
    </record>

    <record id="dt_project_manager" model="res.groups">
        <field name="name">DT Manager</field>
        <field name="category_id" ref="dt_project"/>
        <field name="implied_ids" eval="[(4, ref('dt_project_user'))]"/>
        <field name="users" eval="[(4, ref('base.user_root')), (4, ref('base.user_admin'))]"/>
    </record>

    <record id="dt_subtask_project" model="res.groups">
        <field name="name">DT Use Subtasks</field>
        <field name="category_id" ref="base.module_category_hidden"/>
    </record>

    <record id="dt_project_rating" model="res.groups">
        <field name="name">DT Use Rating on Project</field>
        <field name="category_id" ref="base.module_category_hidden"/>
    </record> -->
<!-- 
<data noupdate="1">
    <record id="base.default_user2" model="res.users">
        <field name="groups_id" eval="[(4,ref('project_mini.group_project_manager2'))]"/>
    </record>

    <record model="ir.rule" id="project_comp_rule2">
        <field name="name">Project: multi-company</field>
        <field name="model_id" ref="model_project_project2"/>
        <field name="global" eval="True"/>
        <field name="domain_force">['|',
                                        ('company_id', '=', False),
                                        ('company_id', 'child_of', [user.company_id.id]),
                                    ]</field>
    </record>

    <record model="ir.rule" id="project_project_manager_rule2">
        <field name="name">Project: project manager: see all</field>
        <field name="model_id" ref="model_project_project2"/>
        <field name="domain_force">[(1, '=', 1)]</field>
        <field name="groups" eval="[(4,ref('project_mini.group_project_manager2'))]"/>
    </record>

    <record model="ir.rule" id="project_public_members_rule2">
        <field name="name">Project: employees: following required for follower-only projects</field>
        <field name="model_id" ref="model_project_project2"/>
        <field name="domain_force">['|',
                                        ('privacy_visibility', '!=', 'followers'),
                                        ('message_partner_ids', 'in', [user.partner_id.id])
                                    ]</field>
        <field name="groups" eval="[(4, ref('base.group_user'))]"/>
    </record>

    <record model="ir.rule" id="task_comp_rule2">
        <field name="name">Project/Task: multi-company</field>
        <field name="model_id" ref="model_project_task2"/>
        <field name="global" eval="True"/>
        <field name="domain_force">['|',
                                        ('company_id', '=', False),
                                        ('company_id', 'child_of', [user.company_id.id]),
                                    ]</field>
    </record>

    <record model="ir.rule" id="task_visibility_rule2">
        <field name="name">Project/Task: employees: follow required for follower-only projects</field>
        <field name="model_id" ref="model_project_task2"/>
        <field name="domain_force">[
        '|',
            ('project_id.privacy_visibility', '!=', 'followers'),
            '|',
                ('project_id.message_partner_ids', 'in', [user.partner_id.id]),
                '|',
                    ('message_partner_ids', 'in', [user.partner_id.id]),
                    # to subscribe check access to the record, follower is not enough at creation
                    ('user_id', '=', user.id)
        ]</field>
        <field name="groups" eval="[(4,ref('base.group_user'))]"/>
    </record>

    <record model="ir.rule" id="project_manager_all_project_tasks_rule2">
        <field name="name">Project/Task: project manager: see all</field>
        <field name="model_id" ref="model_project_task2"/>
        <field name="domain_force">[(1, '=', 1)]</field>
        <field name="groups" eval="[(4,ref('project_mini.group_project_manager2'))]"/>
    </record>

    <record model="ir.rule" id="report_project_task_user_report_comp_rule2">
        <field name="name">Task Analysis multi-company</field>
        <field name="model_id" ref="model_report_project_task_user"/>
        <field name="global" eval="True"/>
        <field name="domain_force">['|',('company_id','=',False),('company_id','child_of',[user.company_id.id])]</field>
    </record>

     Portal
    <record id="project_project2_rule_portal" model="ir.rule">
        <field name="name">Project: portal users: portal and following</field>
        <field name="model_id" ref="project_mini.model_project_project2"/>
        <field name="domain_force">[
            '&amp;',
                ('privacy_visibility', '=', 'portal'),
                ('message_partner_ids', 'child_of', [user.partner_id.commercial_partner_id.id]),
        ]</field>
        <field name="groups" eval="[(4, ref('base.group_portal'))]"/>
    </record>

    <record id="project_task2_rule_portal" model="ir.rule">
        <field name="name">Project/Task: portal users: (portal and following project) or (portal and following task)</field>
        <field name="model_id" ref="project_mini.model_project_task2"/>
        <field name="domain_force">[
        '|',
            '&amp;',
                ('project_id.privacy_visibility', '=', 'portal'),
                ('project_id.message_partner_ids', 'child_of', [user.partner_id.commercial_partner_id.id]),
            '&amp;',
                ('project_id.privacy_visibility', '=', 'portal'),
                ('message_partner_ids', 'child_of', [user.partner_id.commercial_partner_id.id]),
        ]</field>
        <field name="groups" eval="[(4, ref('base.group_portal'))]"/>
    </record>

</data> -->
</odoo>
